Category,Market Cap,24h Volume,24h % Change
Smart Contract Platform,2429422845804.0,65063568784.0,-1.61
Layer 1 (L1),2392572882877.0,62385827561.0,-1.62
Proof of Work (PoW),1718872284055.0,36629825657.0,-1.55
World Liberty Financial Portfolio,628623195446.0,110145232477.0,-0.95
Proof of Stake (PoS),570140338250.0,23415353092.0,-1.56
Made in USA,337616775809.0,38246428018.0,-2.37
Stablecoins,292879307960.0,95369002050.0,-0.23
USD Stablecoin,290090873844.0,95276976495.0,-0.21
Fiat-backed Stablecoin,278259322207.0,93892517154.0,-0.22
Exchange-based Tokens,167792169331.0,4040265335.0,-1.26
