Exchange,24h Volume (B USD),Trust Score,Founded Year,Country
Binance,22.641884179612816,10,2017,Cayman Islands
MEXC,5.215354094263689,10,2018,Seychelles
Bybit,4.91546340874134,10,2018,British Virgin Islands
Bitget,4.751232790057182,10,2018,Seychelles
Gate,4.659707119619407,10,2013,Panama
OKX,3.5998173032412066,10,2017,Seychelles
Coinbase Exchange,3.0582208898561665,10,2012,United States
Kraken,1.3275861090937788,10,2011,United States
HTX,3.9339078467177946,9,2013,Seychelles
Crypto.com Exchange,2.990612955954593,9,2019,Malta
Ourbit,2.4790462301185685,9,2020,British Virgin Islands
KuCoin,1.6299062441074719,9,2017,
Bullish,1.0811079155196957,9,2021,Gibraltar
Bitstamp,0.4408092536319412,9,2011,Luxembourg
Gemini,0.11508721526432697,9,2014,United States
HashKey Exchange,0.08660413733243956,9,2018,Hong Kong
Backpack Exchange ,0.06560591684375956,9,2023,British Virgin Islands
Nonkyc.io,0.048810287109381734,9,2023,Seychelles
Binance US,0.01505698519075737,9,2019,United States
HashKey Global,0.001777217144273781,9,2018,Bermuda
CoinW,4.815181495648464,8,2017,United Arab Emirates
Coinstore,4.72719151769335,8,2020,British Virgin Islands
Upbit,3.360401972808278,8,2017,South Korea
BitMart,3.355022195483637,8,2017,Cayman Islands
Pionex,3.350838312500826,8,2019,British Virgin Islands
Toobit,3.051058865437317,8,2022,Cayman Islands
DigiFinex,2.493793515396724,8,2018,Seychelles
WEEX,2.2924829616220905,8,2018,Singapore
WhiteBIT,2.240840762269034,8,2018,Lithuania
BingX,1.5741085481877044,8,2018,British Virgin Islands
AscendEX (BitMax),1.4866031937290332,8,2018,Singapore
Bitunix,1.150527181375481,8,2021,Saint Vincent and the Grenadines
Bitrue,0.8406580655050645,8,2018,Seychelles
CoinEx,0.26038816351087224,8,2017,Samoa
Bitfinex,0.2583081527401888,8,2012,British Virgin Islands
Tothemoon,0.22025329752057096,8,2018,Lithuania
Bitkub,0.08335320463747943,8,2018,Thailand
Bitbank,0.06203029156844724,8,2016,Japan
Indodax,0.03526028837674271,8,2014,Indonesia
LCX Exchange,0.032324240211831376,8,2020,Liechtenstein
Deribit Spot,0.022500474021091992,8,2016,Panama
Bitso,0.020685615468732536,8,2014,Gibraltar
Luno,0.017553672237285822,8,2013,Singapore
Coins.ph,0.012475259011725194,8,2014,Philippines
Arkham,0.007207312592216174,8,2024,Dominican Republic
BVOX,4.849855418206919,7,2018,British Virgin Islands
LBank,3.873826468846925,7,2015,British Virgin Islands
Tapbit,3.828117374223922,7,2019,United States
KCEX,3.5935817183646135,7,2021,Seychelles
Bithumb,2.4802281959135937,7,2014,South Korea
XT.COM,2.282568351033012,7,2018,Seychelles
Biconomy.com,2.1447385662842176,7,2019,British Virgin Islands
Hotcoin,1.9956025142092306,7,2017,Seychelles
QMall,1.9621983311510822,7,2021,Lithuania
P2B,1.5327572580926894,7,2018,Lithuania
Hibt,1.169886642669191,7,2021,Canada
Phemex,0.5812901456725192,7,2019,Singapore
PointPay,0.44871279865235425,7,2018,Saint Vincent and the Grenadines
BitDelta,0.40876382722576915,7,2023,Vanuatu
OrangeX,0.38474426218993246,7,2021,Seychelles
Bitvavo,0.37636255921180034,7,2018,Netherlands
BYDFi,0.26323555180415203,7,2020,
BTSE,0.24087924736382427,7,2018,British Virgin Islands
CoinTR,0.23753792767521198,7,2022,Turkey
Dex-Trade,0.22666560127267385,7,2019,Belize
bitFlyer,0.09699374233135366,7,2014,Japan
CoinCatch,0.09393445695866762,7,2022,British Virgin Islands
EXMO,0.07218988224226773,7,2014,Poland
bitcastle,0.06750578248097033,7,2019,Lithuania
CEX.IO,0.04127012565622846,7,2013,United Kingdom
Max Maicoin,0.03890320669802041,7,2018,Taiwan
BitoPro,0.035221900602090454,7,2018,Taiwan
Korbit,0.032298964937040514,7,2013,South Korea
VALR,0.03131721216926948,7,2018,South Africa
Kanga,0.02624131971604654,7,2018,Belize
Ondo Global Markets,0.026046113196442563,7,2025,British Virgin Islands
Tokenize,0.02558108859918927,7,2018,Singapore
EarnBIT,0.015828379476853775,7,2022,Lithuania
Independent Reserve,0.009835012810116577,7,2013,Australia
Nami Exchange,0.009700335361260493,7,2017,Singapore
WOO X,0.0045819575310329964,7,2019,Seychelles
Foxbit,0.004357961093500094,7,2014,Brazil
Bitcointry,0.004197050042397275,7,2023,Seychelles
Bitlo,0.0027831115248233597,7,2018,Turkey
Cryptal,0.001631459131210475,7,2020,Georgia
BitMEX,0.0003064752274563189,7,2022,Seychelles
Azbit,3.9399603251479327,6,2018,Seychelles
GroveX,2.2523302337532445,6,2022,Australia
Deepcoin,1.9628058208414263,6,2018,Seychelles
Zoomex,1.4210912119704042,6,2021,Seychelles
Icrypex,1.0884186644316096,6,2018,Turkey
Slex,0.9576444763657745,6,2023,Costa Rica
BigONE,0.7415160143203572,6,2017,Seychelles
Hyperliquid,0.7181151077411349,6,2024,Cayman Islands
Uniswap V3 (Ethereum),0.6333921273914473,6,2018,
BloFin,0.5455369402135701,6,2023,Marshall Islands
Trubit,0.4492789958894155,6,2022,British Virgin Islands
Raydium (CLMM),0.3463389140575569,6,2022,
Uniswap V3 (Arbitrum One),0.3392610986901708,6,2021,
BitKan,0.3215535848049792,6,2012,British Virgin Islands
