Exchange,24h Volume (B USD),Trust Score,Founded Year,Country
Binance,17.56369156812327,10,2017,Cayman Islands
Coinbase Exchange,2.7065975085571456,10,2012,United States
Kraken,2.4535311786587664,10,2011,United States
OKX,4.529119059322126,10,2017,Seychelles
Gate,2.925846020755821,10,2013,Panama
Bitget,1.114645435065988,10,2018,Seychelles
Bitstamp by Robinhood,0.7103811957128839,9,2011,Luxembourg
MEXC,2.145792066498422,9,2018,Seychelles
Crypto.com Exchange,1.236701953293939,9,2019,Malta
Bybit,2.938053989401936,9,2018,British Virgin Islands
KuCoin,2.2059195532487945,9,2017,Seychelles
LBank,3.526223525271458,9,2015,British Virgin Islands
BingX,0.8352351917909683,9,2018,British Virgin Islands
HashKey Exchange,0.09289579529401647,9,2018,Hong Kong
WhiteBIT,1.6631709988576664,9,2018,Lithuania
Gemini,0.043519716684921946,9,2014,United States
CoinW,2.1664341108422898,9,2017,
Toobit,2.920648513764776,9,2022,Cayman Islands
Binance US,0.02853726222069035,9,2019,United States
Bitunix,0.5556644736092842,8,2021,Saint Vincent and the Grenadines
Bitkub,0.08592570966813409,8,2018,Thailand
Ourbit,2.6062636266850427,8,2020,British Virgin Islands
Coinstore,0.42550569159084706,8,2020,British Virgin Islands
Bitvavo,0.5162084718144396,8,2018,Netherlands
Bybit EU,0.049395431183751046,8,2025,Austria
Zoomex,0.6697564207912954,8,2021,Seychelles
Bitso,0.02742876732839621,8,2014,Gibraltar
Bullish,1.7975765148205671,8,2021,Gibraltar
OSL Exchange,0.09265631061361623,8,2018,Hong Kong
Upbit,1.8418956306147127,8,2017,South Korea
Luno,0.01820691798786209,8,2013,Singapore
Bitbank,0.04940704313373607,8,2016,Japan
Bit2Me,0.35961988719426613,8,2014,Spain
Niza.io,1.0319646334750974,8,2021,Lithuania
Bitfinex,0.6744076540326586,8,2012,British Virgin Islands
WEEX,4.1925917744065675,8,2018,Singapore
Bitazza,0.03665775464014708,8,2021,Thailand
HashKey Global,0.0003658579004234749,8,2018,Bermuda
GroveX,1.51281671482037,8,2022,Australia
Bithumb,0.7231745698379635,8,2014,South Korea
VALR,0.01326441296308475,8,2018,South Africa
Bitrue,0.8523503006660549,8,2018,Seychelles
BitKan,0.19591656233832339,8,2012,British Virgin Islands
Webot,0.01544832361328133,8,2022,United States
DigiFinex,2.4389271290683796,8,2018,Seychelles
Phemex,1.2050978275984348,8,2019,Samoa
P2B,0.3610901461471263,8,2018,Lithuania
BTSE,0.13273812679306327,7,2018,Costa Rica
CoinTR,0.20681055838023335,7,2022,Turkey
Hibt,0.9467423815593534,7,2021,Canada
Deepcoin,0.9050003144504026,7,2018,Seychelles
GMO Coin Japan,0.04325223970192281,7,2017,Japan
Hotcoin,2.490730827328357,7,2017,Seychelles
Coins.ph,0.07791825559262378,7,2014,Philippines
Pionex,6.496049051230246,7,2019,British Virgin Islands
HTX,1.535505050637737,7,2013,Seychelles
LeveX,0.03189747954187146,7,2023,Panama
BYDFi,0.5212611644942382,7,2020,Canada
Deribit Spot,1.4868646310349785,7,2016,Panama
Max Maicoin,0.020129798216174773,7,2018,Taiwan
Bittime,0.025305008099912686,7,2022,Indonesia
Backpack Exchange ,0.03583998061222181,7,2023,British Virgin Islands
XT.COM,2.739154508175244,7,2018,Seychelles
Websea,1.4289981286929354,7,2023,British Virgin Islands
BitTrade,0.018516706906881456,7,2016,Japan
Biconomy.com,2.8083054925854207,7,2019,British Virgin Islands
PointPay,0.11983665809492526,7,2018,Saint Vincent and the Grenadines
Byte Exchange,0.14013932091530776,7,2021,Estonia
BtcTurk | Kripto,0.19342972226963728,7,2013,Turkey
Azbit,2.8234489222991708,7,2018,Seychelles
BitoPro,0.03939813497443682,7,2018,Taiwan
bitFlyer,0.06660844786990043,7,2014,Japan
OKJ,0.004497006337018391,7,2017,Japan
BVOX,0.8674063002501872,7,2018,British Virgin Islands
BloFin,2.679719513485855,7,2023,Marshall Islands
CEX.IO,0.05751894598831267,7,2013,United Kingdom
TokoCrypto,0.012349057866675704,7,2017,Indonesia
Digital X,0.07405351515526086,7,2013,South Korea
Coinone,0.2385340941227836,7,2016,South Korea
One Trading,2.0360769091123775e-07,6,2019,Italy
Tothemoon,0.18101394052401323,6,2018,Lithuania
Bitlo,0.0014851260208797613,6,2018,Turkey
Independent Reserve,0.006291490538531503,6,2013,Australia
Gate US,1.9945006449948058e-05,6,2020,United States
Ondo Stocks,0.020912832522973004,6,2025,British Virgin Islands
Dex-Trade,0.0028594987269807484,6,2017,Seychelles
KCEX,3.108862897429853,6,2021,Seychelles
XBO.com,0.02263268171339337,6,2022,Isle of Man
Poloniex,1.5231179899472302,6,2014,Seychelles
Tokpie,0.018775268037250503,6,2018,Hong Kong
CoinJar Exchange,0.003309786965713197,6,2013,United Kingdom
Koinpark,0.02234808042171169,6,2023,India
Hata,0.0005801025531564553,6,2023,Malaysia
Tapbit,4.238434719404609,6,2019,United States
BitDelta,2.124757918141037,6,2023,Vanuatu
CoinDCX,0.002054497962679152,5,2018,Singapore
SecondBTC,0.0782938661618916,5,2018,India
BigONE,1.3018123102667594,5,2017,Seychelles
Changelly PRO,0.18905282166331203,5,2020,Seychelles
Blockchain.com,1.9084460082016805e-05,5,2012,United Kingdom
