timestamp,price,MA_50,MA_200,RSI_14
2026-05-17 00:00:00,2180.0891100856325,,,
2026-05-18 00:00:00,2130.749230126177,,,
2026-05-19 00:00:00,2128.8927623239815,,,
2026-05-20 00:00:00,2109.3421375885023,,,
2026-05-21 00:00:00,2127.468931683584,,,
2026-05-22 00:00:00,2132.1443703600044,,,
2026-05-23 00:00:00,2064.039749218924,,,
2026-05-24 00:00:00,2116.4299126571727,,,
2026-05-25 00:00:00,2097.6582568011895,,,
2026-05-26 00:00:00,2110.5929717502054,,,
2026-05-27 00:00:00,2072.3492159738144,,,
2026-05-28 00:00:00,2022.465974317952,,,
2026-05-29 00:00:00,2008.1144631178963,,,
2026-05-30 00:00:00,2012.5607890669655,,,26.24892205597972
2026-05-31 00:00:00,2021.665390940461,,,28.104952182010507
2026-06-01 00:00:00,2005.0520566280852,,,30.90017756395224
2026-06-02 00:00:00,2003.5794472377934,,,30.936266391625566
2026-06-03 00:00:00,1858.3640479335945,,,22.379571299800958
2026-06-04 00:00:00,1811.7149905120527,,,17.303537766474207
2026-06-05 00:00:00,1769.0317333338,,,15.143255904728292
2026-06-06 00:00:00,1582.4588294507628,,,12.337211425783906
2026-06-07 00:00:00,1568.7027946407661,,,4.409141528366689
2026-06-08 00:00:00,1687.8826846141703,,,20.776515998711076
2026-06-09 00:00:00,1690.4950851700783,,,19.592688164733715
2026-06-10 00:00:00,1638.7504135601862,,,19.21710279225651
2026-06-11 00:00:00,1620.917390707054,,,20.133318595708843
2026-06-12 00:00:00,1671.86904676229,,,26.281833007322362
2026-06-13 00:00:00,1665.5551249935475,,,25.587145349605436
2026-06-14 00:00:00,1680.3055520030994,,,26.17362234330369
2026-06-15 00:00:00,1725.448928079916,,1910.4897130546553,31.231631699502955
2026-06-16 00:00:00,1794.9576599037732,,1897.6519980485934,37.168286265504385
2026-06-17 00:00:00,1791.3886783051394,,1886.3399796545586,45.01128189920374
2026-06-18 00:00:00,1748.7549735206103,,1873.6687200277797,45.28214793486301
2026-06-19 00:00:00,1710.079110757131,,1860.359952466734,45.555747082256055
2026-06-20 00:00:00,1708.87855388619,,1846.4069398734873,63.227328320155536
2026-06-21 00:00:00,1739.2769352743533,,1833.3113587039659,67.2465889611909
2026-06-22 00:00:00,1704.9130137257484,,1821.3404675208599,52.07839212157931
2026-06-23 00:00:00,1725.1620208904676,,1808.29820446197,54.05616629586888
2026-06-24 00:00:00,1665.7162407218393,,1793.9001372593245,53.09925438415008
2026-06-25 00:00:00,1620.6434082953833,,1777.5684851441642,49.97036600048921
2026-06-26 00:00:00,1566.0081297519519,,1760.6904489367687,38.640576073830935
2026-06-27 00:00:00,1576.9176481850786,,1745.838838065673,40.58163014784546
2026-06-28 00:00:00,1571.9371269098212,,1731.2995935254037,38.24092766304937
2026-06-29 00:00:00,1570.0805519413402,,1716.5502522878828,31.39299341449049
2026-06-30 00:00:00,1609.751185572177,,1702.8197787756067,26.11234959041424
2026-07-01 00:00:00,1569.8271747749748,,1688.3122827138363,23.87348614517559
2026-07-02 00:00:00,1608.254387223296,,1675.1347807133532,33.2661733446143
2026-07-03 00:00:00,1698.5610521616197,,1669.8080141876205,48.77841965690916
2026-07-04 00:00:00,1756.9804642496356,,1667.9835299788733,54.54942052802987
2026-07-05 00:00:00,1779.908385139636,1816.6537618565965,1668.3460850390682,53.89795518612686
2026-07-06 00:00:00,1784.2622991817525,1808.7372256385188,1675.0728673634342,58.077425941379985
2026-07-07 00:00:00,1798.557105022033,1802.0933831364362,1682.7346777094765,57.562993658260176
2026-07-08 00:00:00,1771.2223954004269,1794.939975797965,1685.5126680690182,61.64234081967071
2026-07-09 00:00:00,1742.2494536901065,1787.5981221199972,1687.2378136863524,63.91328564048838
2026-07-10 00:00:00,1744.6953884606253,1779.9426512555378,1690.7693128497006,73.21670408274471
2026-07-11 00:00:00,1795.2394655119474,1773.2045531585766,1696.5800486765304,75.71763650855715
2026-07-12 00:00:00,1787.9485944322748,1767.6827300628438,1700.4493669321964,75.30773338444317
2026-07-13 00:00:00,1805.4862853704624,1761.4638575171098,1705.1137389447604,76.60247574540175
2026-07-14 00:00:00,1774.0909253483635,1754.992510888053,1708.239918056269,68.92549554786582
2026-07-15 00:00:00,1890.3093923843837,1750.5868393007365,1713.735266866418,81.3908974680966
2026-07-16 00:00:00,1916.7586464879018,1747.475027911018,1717.7952997525558,80.94375078535992
2026-07-17 00:00:00,1863.0065007127855,1744.2858384389149,1720.1825604994774,67.79953422078975
2026-07-18 00:00:00,1840.7681193183653,1740.9389115629244,1723.2496653594023,59.8398568349863
2026-07-19 00:00:00,1862.32234801627,1737.9341427419104,1728.324439934707,59.70986175170694
2026-07-20 00:00:00,1870.8170349782704,1734.9171756226665,1733.7223893044431,60.09918063849659
2026-07-21 00:00:00,1901.7735152870935,1732.8516047958467,1739.1389419715345,61.592524126147055
2026-07-22 00:00:00,1928.6558956703082,1731.353133764497,1746.5970380363533,67.69978117060279
2026-07-23 00:00:00,1933.4132583162384,1732.8541179721499,1753.5387459505453,72.72959935334273
2026-07-24 00:00:00,1876.9500085020109,1734.1588183319493,1760.579871543218,63.93519144324094
2026-07-25 00:00:00,1861.2641627234207,1736.0034669197419,1768.6005633574857,57.508328451298695
2026-07-26 00:00:00,1874.0317210558958,1741.834924751844,1778.8680164009504,59.66893503981213
2026-07-27 00:00:00,1951.7881774065308,1749.4966324071595,1791.363700708332,64.47467739195181
2026-07-28 00:00:00,1890.5713453129135,1753.5504056211344,1801.9848413217687,60.8820881638191
2026-07-29 00:00:00,1922.9988578210239,1758.2004810741535,1813.7487848510914,53.620878758765954
2026-07-30 00:00:00,1907.7810005881443,1763.5810928147123,1823.6831120182906,48.98020924336262
2026-07-31 00:00:00,1918.7644614332812,1769.538034229237,1835.3143549069007,57.01530434698247
2026-08-01 00:00:00,1863.142662703628,1773.3635065480637,1843.810630756245,52.59694586315064
2026-08-02 00:00:00,1844.6142829481894,1776.9446897071568,1848.679071782464,47.93013947170976
2026-08-03 00:00:00,1881.7059929808206,1780.972698526711,1852.8365894068368,51.19303097695691
2026-08-04 00:00:00,1858.1994088400288,1783.6277081419132,1855.44629019685,45.14664423261125
2026-08-05 00:00:00,1868.126838502906,1785.091091713896,1858.2417748408884,42.993544207077804
2026-08-06 00:00:00,1906.3637301659685,1787.3905927511123,1861.8353290123528,47.09414551229294
2026-08-07 00:00:00,1901.8013771932322,1790.451520824565,1866.1879617387797,53.00477938979637
2026-08-08 00:00:00,1912.1593085949448,1794.4931247813213,1871.851623568941,56.23405221524468
2026-08-09 00:00:00,1915.3836992180761,1798.623227687959,1877.5412339275229,55.18637697494594
2026-08-10 00:00:00,1909.6461814501333,1802.0306126114747,1881.354791125462,43.549180723530164
2026-08-11 00:00:00,1871.3976551883159,1805.3603054407258,1884.136426483997,46.84302990890988
2026-08-12 00:00:00,1880.4862005694617,1808.4667890343057,1886.6364236572967,42.4174820375043
2026-08-13 00:00:00,1877.743530062547,1812.70733482112,1890.0915104811031,44.393027416075356
2026-08-14 00:00:00,1884.3941576877892,1817.982349808968,1889.8943359912164,43.478748269482246
2026-08-14 07:24:40,1875.7734610002883,1824.1776564339348,1888.5281631416292,52.91671672691411
