id,symbol,name,current_price,price_change_percentage_24h,type
fetch-ai,fet,Artificial Superintelligence Alliance,0.265345,14.82964,gainer
pearl-2,prl,Pearl,1.11,11.56517,gainer
cardano,ada,Cardano,0.270467,10.76215,gainer
virtual-protocol,virtual,Virtuals Protocol,0.875723,10.75282,gainer
stonk-3,stonk,STONK,0.208171,10.3127,gainer
starknet,strk,Starknet,0.057831,8.11909,gainer
stronghold-token,shx,Stronghold,0.00766436,7.57891,gainer
floki,floki,FLOKI,2.941e-05,7.54629,gainer
instadapp,fluid,Fluid,1.84,7.36583,gainer
ethena,ena,Ethena,0.253348,6.75468,gainer
beam-2,beam,Beam,0.0025857,-9.28327,loser
akedo,ake,Akedo,0.03169935,-7.56429,loser
grass,grass,Grass,0.718082,-7.15219,loser
zama,zama,Zama,0.08276,-6.87237,loser
railgun,rail,Railgun,2.6,-6.7288,loser
backpack,bp,Backpack,1.19,-6.30819,loser
midnight-3,night,Midnight,0.04618472,-6.18806,loser
kite-2,kite,Kite,0.143608,-5.92327,loser
edgex,edge,edgeX,0.454192,-5.19718,loser
monad,mon,Monad,0.03231609,-5.15946,loser
